image,sha256,source,status,reviewer,notes,warm,cool,monochrome,dark,bright,low-contrast,high-contrast,landscape-orientation,portrait-orientation,square-orientation
opencv/Blender_Suzanne1.jpg,bc3330e7:8e345668:8e22b62f:e033b8b2:444fd016:df567b17:82bcc9ba:aead8e02,https://raw.githubusercontent.com/opencv/opencv/63fbf4cafe518b943426885351ef37c49e7a202d/samples/data/Blender_Suzanne1.jpg,pending,,,?,?,?,?,?,?,?,?,?,?
opencv/HappyFish.jpg,ade5b673:47d7f89b:1539c938:43f3f717:8782a7e3:4eb1fe58:6f4a785c:3e60a432,https://raw.githubusercontent.com/opencv/opencv/63fbf4cafe518b943426885351ef37c49e7a202d/samples/data/HappyFish.jpg,pending,,,?,?,?,?,?,?,?,?,?,?
opencv/LinuxLogo.jpg,b580fae8:f9a4c882:00e9bd4d:8059ea96:3a73a68b:80be2d84:b77cd219:694bdfae,https://raw.githubusercontent.com/opencv/opencv/63fbf4cafe518b943426885351ef37c49e7a202d/samples/data/LinuxLogo.jpg,pending,,,?,?,?,?,?,?,?,?,?,?
opencv/aero1.jpg,d9a69191:f6e3642e:a361bc3c:62e677b2:f40fe653:4b78da54:0f4155e0:734b59ef,https://raw.githubusercontent.com/opencv/opencv/63fbf4cafe518b943426885351ef37c49e7a202d/samples/data/aero1.jpg,pending,,,?,?,?,?,?,?,?,?,?,?
opencv/aloeL.jpg,cce57368:08efe80d:9f04b118:dbb978c3:44d43456:72b33271:8c3e039a:3eeb8eee,https://raw.githubusercontent.com/opencv/opencv/63fbf4cafe518b943426885351ef37c49e7a202d/samples/data/aloeL.jpg,pending,,,?,?,?,?,?,?,?,?,?,?
opencv/apple.jpg,e86879de:3d9a807d:edc742a8:f464f39e:6b74bbb5:31a1fba3:583155d9:4997d1cd,https://raw.githubusercontent.com/opencv/opencv/63fbf4cafe518b943426885351ef37c49e7a202d/samples/data/apple.jpg,pending,,,?,?,?,?,?,?,?,?,?,?
opencv/baboon.jpg,1a1dd18d:78eec444:20af3b0b:7f08ee3d:41c98291:6cae3ce2:03d7ff35:d754cc0f,https://raw.githubusercontent.com/opencv/opencv/63fbf4cafe518b943426885351ef37c49e7a202d/samples/data/baboon.jpg,pending,,,?,?,?,?,?,?,?,?,?,?
opencv/basketball1.png,ba06f670:1f726099:8b430c39:b6557f77:5497e6ce:7b1a74f0:b7ea6af3:71bf54a6,https://raw.githubusercontent.com/opencv/opencv/63fbf4cafe518b943426885351ef37c49e7a202d/samples/data/basketball1.png,pending,,,?,?,?,?,?,?,?,?,?,?
opencv/blox.jpg,11115aa2:cac174b7:b01f9071:96e077ce:19dd1641:45b82dd6:8129f92b:dcae6884,https://raw.githubusercontent.com/opencv/opencv/63fbf4cafe518b943426885351ef37c49e7a202d/samples/data/blox.jpg,pending,,,?,?,?,?,?,?,?,?,?,?
opencv/board.jpg,4c9a24ba:67138ad5:486d550f:586cc5dd:1161be11:2f1c1bea:336d6c55:0cdf255f,https://raw.githubusercontent.com/opencv/opencv/63fbf4cafe518b943426885351ef37c49e7a202d/samples/data/board.jpg,pending,,,?,?,?,?,?,?,?,?,?,?
opencv/box.png,1094629c:1e2ebbc8:a9ae2c9c:63e18c1d:ff0f5f14:81146e02:f3b11a3d:30feb20a,https://raw.githubusercontent.com/opencv/opencv/63fbf4cafe518b943426885351ef37c49e7a202d/samples/data/box.png,pending,,,?,?,?,?,?,?,?,?,?,?
opencv/building.jpg,742a1baa:d62ac82e:91e718e7:7eedf7e8:5c2eddc4:badfb8c8:7c6cbc86:c45a8b07,https://raw.githubusercontent.com/opencv/opencv/63fbf4cafe518b943426885351ef37c49e7a202d/samples/data/building.jpg,pending,,,?,?,?,?,?,?,?,?,?,?
opencv/butterfly.jpg,34a99716:b78ded10:eae87b48:80de739d:3e68cc7d:d1a96812:bb28f469:d5eeaea8,https://raw.githubusercontent.com/opencv/opencv/63fbf4cafe518b943426885351ef37c49e7a202d/samples/data/butterfly.jpg,pending,,,?,?,?,?,?,?,?,?,?,?
opencv/cards.png,acf2d347:e8de7fbb:0edbf457:c8fb467c:b6d16d41:66c92f40:e68f3831:e06149ac,https://raw.githubusercontent.com/opencv/opencv/63fbf4cafe518b943426885351ef37c49e7a202d/samples/data/cards.png,pending,,,?,?,?,?,?,?,?,?,?,?
opencv/castle.jpg,380b4e71:e68e8ce3:8bb657bc:76b41f2e:068d3b80:73984aae:204bc340:0994d982,https://raw.githubusercontent.com/opencv/opencv/63fbf4cafe518b943426885351ef37c49e7a202d/samples/data/castle.jpg,pending,,,?,?,?,?,?,?,?,?,?,?
opencv/chicky_512.png,45130d81:2992129c:e81e6075:984a1273:03c732c0:871f8ba9:93724a8a:4e91cbb4,https://raw.githubusercontent.com/opencv/opencv/63fbf4cafe518b943426885351ef37c49e7a202d/samples/data/chicky_512.png,pending,,,?,?,?,?,?,?,?,?,?,?
opencv/detect_blob.png,f31a972c:7aa0fbf5:c0559a9c:76cb0ef8:8a565673:62d05194:aa0e7f25:92b4cff0,https://raw.githubusercontent.com/opencv/opencv/63fbf4cafe518b943426885351ef37c49e7a202d/samples/data/detect_blob.png,pending,,,?,?,?,?,?,?,?,?,?,?
opencv/digits.png,60c91775:8ef97cc0:90f35cd8:e293e4de:691ef942:847da0ff:80dedab3:3d57c662,https://raw.githubusercontent.com/opencv/opencv/63fbf4cafe518b943426885351ef37c49e7a202d/samples/data/digits.png,pending,,,?,?,?,?,?,?,?,?,?,?
opencv/ellipses.jpg,775f8bd6:06ba5184:907a0851:474dc398:93e11a29:6e0af233:e8b00f7a:fbde1866,https://raw.githubusercontent.com/opencv/opencv/63fbf4cafe518b943426885351ef37c49e7a202d/samples/data/ellipses.jpg,pending,,,?,?,?,?,?,?,?,?,?,?
opencv/fruits.jpg,9c031d80:a1c52da5:eca790db:896baffe:c6a7e52b:f786cdb7:bbfca5c7:f880e6a1,https://raw.githubusercontent.com/opencv/opencv/63fbf4cafe518b943426885351ef37c49e7a202d/samples/data/fruits.jpg,pending,,,?,?,?,?,?,?,?,?,?,?
opencv/gradient.png,ac8c3921:949a2b36:cd9b9060:800ca344:f27e4493:f76e2a96:b109601c:94b42cd3,https://raw.githubusercontent.com/opencv/opencv/63fbf4cafe518b943426885351ef37c49e7a202d/samples/data/gradient.png,pending,,,?,?,?,?,?,?,?,?,?,?
opencv/graf1.png,1504b769:303c7bde:00fa578e:eaad3c68:e02aceab:eb1242e5:56f1f8d1:9e4bdea5,https://raw.githubusercontent.com/opencv/opencv/63fbf4cafe518b943426885351ef37c49e7a202d/samples/data/graf1.png,pending,,,?,?,?,?,?,?,?,?,?,?
opencv/home.jpg,23b8cf46:a1965d0e:c33459b8:75aed431:87802834:db49e0da:a9fa2cc8:42e9d8d2,https://raw.githubusercontent.com/opencv/opencv/63fbf4cafe518b943426885351ef37c49e7a202d/samples/data/home.jpg,pending,,,?,?,?,?,?,?,?,?,?,?
opencv/leuvenA.jpg,b2977cdb:d9fb3f94:dadd6f76:cf586d14:5676deb8:a22b5f0f:42149d21:c058c09f,https://raw.githubusercontent.com/opencv/opencv/63fbf4cafe518b943426885351ef37c49e7a202d/samples/data/leuvenA.jpg,pending,,,?,?,?,?,?,?,?,?,?,?
opencv/messi5.jpg,1d570e49:654e84c7:a9439185:37bd9e5e:1ef82920:152e147c:834006e2:35be97c9,https://raw.githubusercontent.com/opencv/opencv/63fbf4cafe518b943426885351ef37c49e7a202d/samples/data/messi5.jpg,pending,,,?,?,?,?,?,?,?,?,?,?
opencv/orange.jpg,152c20d2:f380ac98:5de25e47:4e1a5f06:ed34b932:19134209:9b8272a6:3a15a079,https://raw.githubusercontent.com/opencv/opencv/63fbf4cafe518b943426885351ef37c49e7a202d/samples/data/orange.jpg,pending,,,?,?,?,?,?,?,?,?,?,?
opencv/pca_test1.jpg,9aae52b2:bf730216:f7e46c66:2f612a41:7ebd4364:2e742e7f:867f33aa:734293cd,https://raw.githubusercontent.com/opencv/opencv/63fbf4cafe518b943426885351ef37c49e7a202d/samples/data/pca_test1.jpg,pending,,,?,?,?,?,?,?,?,?,?,?
opencv/pic1.png,0244e20a:34fa2d30:c60e6092:8d6d71f8:9d32e0e0:266b4644:980798cc:2368765a,https://raw.githubusercontent.com/opencv/opencv/63fbf4cafe518b943426885351ef37c49e7a202d/samples/data/pic1.png,pending,,,?,?,?,?,?,?,?,?,?,?
opencv/pic2.png,8c32d76f:17c2eca7:8a1402fd:1bb48144:785e5397:ff5a24de:68c36b0f:76b1f055,https://raw.githubusercontent.com/opencv/opencv/63fbf4cafe518b943426885351ef37c49e7a202d/samples/data/pic2.png,pending,,,?,?,?,?,?,?,?,?,?,?
opencv/smarties.png,ad3f751c:053fdcf4:32687c1b:c0e56a61:a9119d2b:b2ae2936:5f8aa653:4fc77417,https://raw.githubusercontent.com/opencv/opencv/63fbf4cafe518b943426885351ef37c49e7a202d/samples/data/smarties.png,pending,,,?,?,?,?,?,?,?,?,?,?
opencv/starry_night.jpg,accda7a1:9a90f22a:4a922fdc:8c230167:d7abf5f8:0882171e:2cee125c:5f12481d,https://raw.githubusercontent.com/opencv/opencv/63fbf4cafe518b943426885351ef37c49e7a202d/samples/data/starry_night.jpg,pending,,,?,?,?,?,?,?,?,?,?,?
opencv/stuff.jpg,21cd00af:bdd0727f:445dd91c:0a09633e:6345ed5b:05a3d235:5453a1f3:c314c6c5,https://raw.githubusercontent.com/opencv/opencv/63fbf4cafe518b943426885351ef37c49e7a202d/samples/data/stuff.jpg,pending,,,?,?,?,?,?,?,?,?,?,?
opencv/sudoku.png,3cd9ab17:3f7178c0:a16bba9f:867062b5:8b5d6091:8d5aeb8c:ed85cba0:b24c353a,https://raw.githubusercontent.com/opencv/opencv/63fbf4cafe518b943426885351ef37c49e7a202d/samples/data/sudoku.png,pending,,,?,?,?,?,?,?,?,?,?,?
opencv/text_defocus.jpg,ffea13e2:3e2bdce6:0e50e43e:5950d76d:542a61a8:20c03c28:fbb8f11b:26edfdb6,https://raw.githubusercontent.com/opencv/opencv/63fbf4cafe518b943426885351ef37c49e7a202d/samples/data/text_defocus.jpg,pending,,,?,?,?,?,?,?,?,?,?,?
skimage/astronaut.png,88431cd9:653ccd53:9741b555:fb0a46b6:1558b301:d4110412:b5bc28b5:e3ea6cb5,https://raw.githubusercontent.com/scikit-image/scikit-image/e8a42ba85aaf5fd9322ef9ca51bc21063b22fcae/skimage/data/astronaut.png,pending,,,?,?,?,?,?,?,?,?,?,?
skimage/block.png,4d2d021f:0a7d8aa1:6bae8466:cf35b183:0ae60a3a:f3d0ab25:18e5ca49:40c6eb80,https://raw.githubusercontent.com/scikit-image/scikit-image/e8a42ba85aaf5fd9322ef9ca51bc21063b22fcae/skimage/data/block.png,pending,,,?,?,?,?,?,?,?,?,?,?
skimage/brick.png,7966caf3:24f6ba84:3118d98f:7a07746d:22f6a343:430add02:33eca5f6:eaaa8fcf,https://raw.githubusercontent.com/scikit-image/scikit-image/e8a42ba85aaf5fd9322ef9ca51bc21063b22fcae/skimage/data/brick.png,pending,,,?,?,?,?,?,?,?,?,?,?
skimage/bw_text.png,308c2b09:f8975a69:b212e103:b18520e8:cbb7a4ec:cfce0f75:7836cd37:1f1b9094,https://raw.githubusercontent.com/scikit-image/scikit-image/e8a42ba85aaf5fd9322ef9ca51bc21063b22fcae/skimage/data/bw_text.png,pending,,,?,?,?,?,?,?,?,?,?,?
skimage/camera.png,b0793d2a:dda0fa6a:e899c039:89482bff:9a42d3d5:690fc7e3:648f2795:d730c23a,https://raw.githubusercontent.com/scikit-image/scikit-image/e8a42ba85aaf5fd9322ef9ca51bc21063b22fcae/skimage/data/camera.png,pending,,,?,?,?,?,?,?,?,?,?,?
skimage/cell.png,8d23a7fb:81f7cc87:7cd09f33:0357fc7f:59565130:6e84e172:52f6e0a1:b3f61515,https://raw.githubusercontent.com/scikit-image/scikit-image/e8a42ba85aaf5fd9322ef9ca51bc21063b22fcae/skimage/data/cell.png,pending,,,?,?,?,?,?,?,?,?,?,?
skimage/chelsea.png,596aa1e7:cb875eb7:9f437e31:0381d26b:338a81c2:da234397:04a73c46:51e8c4bb,https://raw.githubusercontent.com/scikit-image/scikit-image/e8a42ba85aaf5fd9322ef9ca51bc21063b22fcae/skimage/data/chelsea.png,pending,,,?,?,?,?,?,?,?,?,?,?
skimage/clock_motion.png,f029226b:28b642e8:0113d866:22e9b215:ee067a09:66feaf5e:60604a1e:05733955,https://raw.githubusercontent.com/scikit-image/scikit-image/e8a42ba85aaf5fd9322ef9ca51bc21063b22fcae/skimage/data/clock_motion.png,pending,,,?,?,?,?,?,?,?,?,?,?
skimage/coffee.png,cc02f8ca:188b167c:775a7101:b5d767d1:e71792cf:762c33d6:fa15a459:9b5a8de7,https://raw.githubusercontent.com/scikit-image/scikit-image/e8a42ba85aaf5fd9322ef9ca51bc21063b22fcae/skimage/data/coffee.png,pending,,,?,?,?,?,?,?,?,?,?,?
skimage/coins.png,f8d773fc:9cfa6f4d:8e5942dc:34d0a078:8fcaed2a:4fefbbed:0aef5398:d7ef4cba,https://raw.githubusercontent.com/scikit-image/scikit-image/e8a42ba85aaf5fd9322ef9ca51bc21063b22fcae/skimage/data/coins.png,pending,,,?,?,?,?,?,?,?,?,?,?
skimage/color.png,7d2df993:de2b4fa2:a78e04e5:df8050f4:9a9c511a:a75e59ab:3bd56ac9:c98aef7e,https://raw.githubusercontent.com/scikit-image/scikit-image/e8a42ba85aaf5fd9322ef9ca51bc21063b22fcae/skimage/data/color.png,pending,,,?,?,?,?,?,?,?,?,?,?
skimage/grass.png,b6b60224:26b38936:c43a4ac0:9635cd78:af074e90:f42ffa82:27ac8b74:52d39f89,https://raw.githubusercontent.com/scikit-image/scikit-image/e8a42ba85aaf5fd9322ef9ca51bc21063b22fcae/skimage/data/grass.png,pending,,,?,?,?,?,?,?,?,?,?,?
skimage/gravel.png,c48615b4:51bf1e60:6fbd72c0:aa9f8cc0:f068ab71:11ef7d93:bb9b0f25:86440c12,https://raw.githubusercontent.com/scikit-image/scikit-image/e8a42ba85aaf5fd9322ef9ca51bc21063b22fcae/skimage/data/gravel.png,pending,,,?,?,?,?,?,?,?,?,?,?
skimage/green_palette.png,42d49d94:be8f9bc7:6e50639d:3701ed04:84258721:f6b0bd7f:50bb1b92:74a010f0,https://raw.githubusercontent.com/scikit-image/scikit-image/e8a42ba85aaf5fd9322ef9ca51bc21063b22fcae/skimage/data/green_palette.png,pending,,,?,?,?,?,?,?,?,?,?,?
skimage/horse.png,c7fb6078:9fe394c4:85f84229:1ea3b21e:50d140f3:9d6dcb5f:b9917cc1:78225455,https://raw.githubusercontent.com/scikit-image/scikit-image/e8a42ba85aaf5fd9322ef9ca51bc21063b22fcae/skimage/data/horse.png,pending,,,?,?,?,?,?,?,?,?,?,?
skimage/hubble_deep_field.jpg,3a19c5dd:8a927a93:34bb1229:a6d63711:b1c0c767:fb27e228:6e7c84a3:e2c2f5f4,https://raw.githubusercontent.com/scikit-image/scikit-image/e8a42ba85aaf5fd9322ef9ca51bc21063b22fcae/skimage/data/hubble_deep_field.jpg,pending,,,?,?,?,?,?,?,?,?,?,?
skimage/ihc.png,f8dd1aa3:87ddd1f4:9d8ad13b:50921b23:7df8e9b2:62606d25:8770687b:0ef93cef,https://raw.githubusercontent.com/scikit-image/scikit-image/e8a42ba85aaf5fd9322ef9ca51bc21063b22fcae/skimage/data/ihc.png,pending,,,?,?,?,?,?,?,?,?,?,?
skimage/logo.png,f2c57fe8:af089f08:b5ba523d:95573c26:e62904ac:5967f4c8:851b27d0:33690168,https://raw.githubusercontent.com/scikit-image/scikit-image/e8a42ba85aaf5fd9322ef9ca51bc21063b22fcae/skimage/data/logo.png,pending,,,?,?,?,?,?,?,?,?,?,?
skimage/microaneurysms.png,a1e1be59:aa447f8c:e082f7fa:809997ab:369a2b13:7cb6c420:2abc647c:7ccf6456,https://raw.githubusercontent.com/scikit-image/scikit-image/e8a42ba85aaf5fd9322ef9ca51bc21063b22fcae/skimage/data/microaneurysms.png,pending,,,?,?,?,?,?,?,?,?,?,?
skimage/moon.png,78739619:d11f7eb9:c165bb5d:2efd4772:cee55781:2ec84753:2dbb1d92:ef71f577,https://raw.githubusercontent.com/scikit-image/scikit-image/e8a42ba85aaf5fd9322ef9ca51bc21063b22fcae/skimage/data/moon.png,pending,,,?,?,?,?,?,?,?,?,?,?
skimage/page.png,341a6f0a:61557662:b02734a9:b6e56ec3:3a915b2c:41886b97:509dedf2:a43b47a3,https://raw.githubusercontent.com/scikit-image/scikit-image/e8a42ba85aaf5fd9322ef9ca51bc21063b22fcae/skimage/data/page.png,pending,,,?,?,?,?,?,?,?,?,?,?
skimage/retina.jpg,38a07f36:f27f095e:818aea7b:96d34202:c05176d3:0253c667:33f2e003:79e9e0e6,https://raw.githubusercontent.com/scikit-image/scikit-image/e8a42ba85aaf5fd9322ef9ca51bc21063b22fcae/skimage/data/retina.jpg,pending,,,?,?,?,?,?,?,?,?,?,?
skimage/rocket.jpg,c2dd0de7:c538df8d:111e4796:19b12946:4d0269d0:ae5fd18c:a91d33a7:fdfea95c,https://raw.githubusercontent.com/scikit-image/scikit-image/e8a42ba85aaf5fd9322ef9ca51bc21063b22fcae/skimage/data/rocket.jpg,pending,,,?,?,?,?,?,?,?,?,?,?
skimage/text.png,bd84aa3a:6e3c9887:850d45d6:06c96b2e:59433fbe:f5033857:0b63c319:e668e6d1,https://raw.githubusercontent.com/scikit-image/scikit-image/e8a42ba85aaf5fd9322ef9ca51bc21063b22fcae/skimage/data/text.png,pending,,,?,?,?,?,?,?,?,?,?,?
